Lichen,Collection location,Class,Order,Family,Genus,Species,Photobiont,Growth,Macroclimate
10,Wellington,,,,,,,,"Mild, sub-humid"
11,Wellington,,,,,,,,"Mild, sub-humid"
12,Wellington,,,,,,,,"Mild, sub-humid"
13,Wellington,,,,,,,,"Mild, sub-humid"
14,Wellington,,,,,,,,"Mild, sub-humid"
15,Wellington,,,,,,,,"Mild, sub-humid"
16,Wellington,,,,,,,,"Mild, sub-humid"
17,Wellington,,,,,,,,"Mild, sub-humid"
18,Wellington,,,,,,,,"Mild, sub-humid"
19,Wellington,,,,,,,,"Mild, sub-humid"
20,Wellington,,,,,,,,"Mild, sub-humid"
21,Wellington,,,,,,,,"Mild, sub-humid"
22,Wellington,,,,,,,,"Mild, sub-humid"
23,Wellington,Lecanoromycetes,Peltigerales,Lobariaceae,Yarrumia,colensoi,Green,Foliose,"Mild, sub-humid"
24,Wellington,,,,,,,,"Mild, sub-humid"
25,Wellington,,,,,,,,"Mild, sub-humid"
26,Wellington,,,,,,,,"Mild, sub-humid"
27,Wellington,,,,,,,,"Mild, sub-humid"
28,Wellington,,,,,,,,"Mild, sub-humid"
29,Wellington,,,,,,,,"Mild, sub-humid"
30,Wellington,,,,,,,,"Mild, sub-humid"
31,Wellington,,,,,,,,"Mild, sub-humid"
32,Wellington,,,,,,,,"Mild, sub-humid"
33,Wellington,,,,,,,,"Mild, sub-humid"
101,Wellington,,,,,,,,"Mild, sub-humid"
102,Wellington,Lecanoromycetes,Lecanorales,Collemataceae,Collema,sp.,Cyano,Foliose,"Mild, sub-humid"
103,Wellington,,,,,,,,"Mild, sub-humid"
104,Wellington,,,,,,,,"Mild, sub-humid"
105,Wellington,,,,,,,,"Mild, sub-humid"
106,Wellington,Lecanoromycetes,Lecanorales,Collemataceae,Leptogium,coralloideum,Cyano,Foliose,"Mild, sub-humid"
107,Wellington,,,,,,,,"Mild, sub-humid"
108,Wellington,,,,,,,,"Mild, sub-humid"
109,Wellington,Lecanoromycetes,Lecanorales,Collemataceae,Leptogium,coralloideum,Cyano,Foliose,"Mild, sub-humid"
110,Wellington,Lecanoromycetes,Lecanorales,Collemataceae,Collema,sp.,Cyano,Foliose,"Mild, sub-humid"
111,Wellington,Lecanoromycetes,Peltigerales,Lobariaceae,Pseudocyphellaria,rufovirescens,Tripartite,Foliose,"Mild, sub-humid"
112,Wellington,Lecanoromycetes,Peltigerales,Lobariaceae,Pseudocyphellaria,sp.,,Foliose,"Mild, sub-humid"
113,Trelissick Park,,,,,,,,"Mild, sub-humid"
114,Trelissick Park,Lecanoromycetes,Lecanorales,Parmeliaceae,Parmotrema,perlatum,Green,Foliose,"Mild, sub-humid"
115,Trelissick Park,,,,,,,,"Mild, sub-humid"
116,Trelissick Park,,,,,,,,"Mild, sub-humid"
117,Trelissick Park,,,,,,,,"Mild, sub-humid"
118,Trelissick Park,,,,,,,,"Mild, sub-humid"
119,Trelissick Park,,,,,,,,"Mild, sub-humid"
120,Trelissick Park,,,,,,,,"Mild, sub-humid"
121,Trelissick Park,,,,,,,,"Mild, sub-humid"
122,Trelissick Park,,,,,,,,"Mild, sub-humid"
123,Trelissick Park,,,,,,,,"Mild, sub-humid"
124,Trelissick Park,,,,,,,,"Mild, sub-humid"
125,Trelissick Park,,,,,,,,"Mild, sub-humid"
126,Trelissick Park,,,,,,,,"Mild, sub-humid"
127,Trelissick Park,,,,,,,,"Mild, sub-humid"
128,Trelissick Park,,,,,,,,"Mild, sub-humid"
129,Trelissick Park,,,,,,,,"Mild, sub-humid"
130,Trelissick Park,,,,,,,,"Mild, sub-humid"
131,Trelissick Park,,,,,,,,"Mild, sub-humid"
132,Trelissick Park,,,,,,,,"Mild, sub-humid"
133,Trelissick Park,,,,,,,,"Mild, sub-humid"
134,Trelissick Park,,,,,,,,"Mild, sub-humid"
135,Trelissick Park,,,,,,,,"Mild, sub-humid"
136,Trelissick Park,,,,,,,,"Mild, sub-humid"
137,Trelissick Park,,,,,,,,"Mild, sub-humid"
139,Trelissick Park,,,,,,,,"Mild, sub-humid"
140,Trelissick Park,,,,,,,,"Mild, sub-humid"
141,Trelissick Park,Lecanoromycetes,Teloschistales,Teloschistaceae,Xanthoria,parietina,Green,Foliose,"Mild, sub-humid"
142,Trelissick Park,Lecanoromycetes,Lecanorales,Physciaceae,Physcia,sp.,Green,Foliose,"Mild, sub-humid"
143,Woodburn Reserve,Lecanoromycetes,Lecanorales,Parmeliaceae,Parmotrema,sp.,Green,Foliose,"Mild, sub-humid"
144,Woodburn Reserve,,,,,,,,"Mild, sub-humid"
145,Woodburn Reserve,,,,,,,,"Mild, sub-humid"
146,Woodburn Reserve,,,,,,,,"Mild, sub-humid"
147,Woodburn Reserve,Lecanoromycetes,Lecanorales,Stereocaulaceae,Stereocaulon,sp.,Tripartite,Fruticose,"Mild, sub-humid"
148,Woodburn Reserve,,,,,,,,"Mild, sub-humid"
149,Woodburn Reserve,,,,,,,,"Mild, sub-humid"
150,Woodburn Reserve,Lecanoromycetes,Lecanorales,Cladoniaceae,Cladonia,sp.,Green,Fruticose,"Mild, sub-humid"
151,Woodburn Reserve,,,,,,,,"Mild, sub-humid"
152,Lakewood Reserve,,,,,,,,"Mild, sub-humid"
153,Seton Nossiter Park,,,,,,,,"Mild, sub-humid"
154,Seton Nossiter Park,Lecanoromycetes,Lecanorales,Ramalinaceae,Ramalina,celastri,Green,Fruticose,"Mild, sub-humid"
155,Seton Nossiter Park,Lecanoromycetes,Lecanorales,Parmeliaceae,Usnea,sp.,Green,Fruticose,"Mild, sub-humid"
156,Seton Nossiter Park,,,,,,,,"Mild, sub-humid"
157,Mark Avenue,,,,,,,,"Mild, sub-humid"
158,Mark Avenue,Lecanoromycetes,Lecanorales,Parmeliaceae,Usnea,sp.,Green,Fruticose,"Mild, sub-humid"
159,Mark Avenue,Lecanoromycetes,Lecanorales,Stereocaulaceae,Stereocaulon,sp.,Tripartite,Fruticose,"Mild, sub-humid"
160,Gilberd Bush,,,,,,,,"Mild, sub-humid"
161,Gilberd Bush,,,,,,,,"Mild, sub-humid"
162,Gilberd Bush,,,,,,,,"Mild, sub-humid"
163,Gilberd Bush,,,,,,,,"Mild, sub-humid"
164,Gilberd Bush,Lecanoromycetes,Lecanorales,Cladoniaceae,Cladonia,sp.,Green,Fruticose,"Mild, sub-humid"
165,Gilberd Bush,,,,,,,,"Mild, sub-humid"
166,Gilberd Bush,Lecanoromycetes,Lecanorales,Stereocaulaceae,Stereocaulon,sp.,Tripartite,Fruticose,"Mild, sub-humid"
167,Gilberd Bush,Lecanoromycetes,Lecanorales,Cladoniaceae,Cladonia,sp.,Green,Fruticose,"Mild, sub-humid"
168,Kaitoke,,,,,,,Fruticose,"Warm, sub-humid"
169,Ataturk Park/Reserve (MTB),,,,,,,,"Mild, sub-humid"
170,Ataturk Park/Reserve (MTB),Lecanoromycetes,Lecanorales,Physciaceae,Heterodermia,sp.,Green,Foliose,"Mild, sub-humid"
171,Ataturk Park/Reserve (MTB),,,,,,,,"Mild, sub-humid"
172,Ataturk Park/Reserve (MTB),,,,,,,,"Mild, sub-humid"
173,Ataturk Park/Reserve (MTB),Lecanoromycetes,Lecanorales,Ramalinaceae,Ramalina,celastri,Green,Fruticose,"Mild, sub-humid"
174,Ataturk Park/Reserve (MTB),Lecanoromycetes,Lecanorales,Parmeliaceae,Parmotrema,sp.,Green,Foliose,"Mild, sub-humid"
175,Ataturk Park/Reserve (MTB),Lecanoromycetes,Teloschistales,Teloschistaceae,Teloschistes,chrysophthalmus,Green,Fruticose,"Mild, sub-humid"
176,Ataturk Park/Reserve (Beach),,,,,,,Crustose,"Mild, sub-humid"
177,Ataturk Park/Reserve (Beach),,,,,,,,"Mild, sub-humid"
178,Ataturk Park/Reserve (Beach),Lecanoromycetes,Peltigerales,Lobariaceae,Pseudocyphellaria,sp.,,Foliose,"Mild, sub-humid"
179,Sidlaw Street,,,,,,,,"Mild, sub-humid"
180,Pohill Reserve,,,,,,,,"Mild, sub-humid"
181,Pohill Reserve,Lecanoromycetes,Lecanorales,Parmeliaceae,Parmotrema,perlatum,Green,Foliose,"Mild, sub-humid"
182,Pohill Reserve,Lecanoromycetes,Lecanorales,Parmeliaceae,Parmotrema,reticulatum,Green,Foliose,"Mild, sub-humid"
183,Pohill Reserve,,,,,,,,"Mild, sub-humid"
184,Pohill Reserve,,,,,,,,"Mild, sub-humid"
185,Pohill Reserve,,,,,,,,"Mild, sub-humid"
186,Pohill Reserve,,,,,,,,"Mild, sub-humid"
187,Pohill Reserve,,,,,,,,"Mild, sub-humid"
188,Khandallah Park,,,,,,,,"Mild, sub-humid"
189,Khandallah Park,Lecanoromycetes,Lecanorales,Stereocaulaceae,Stereocaulon,sp.,Tripartite,Fruticose,"Mild, sub-humid"
190,Khandallah Park,Lecanoromycetes,Lecanorales,Cladoniaceae,Cladonia,sp.,Green,Fruticose,"Mild, sub-humid"
191,Khandallah Park,,,,,,,,"Mild, sub-humid"
192,Khandallah Park,Lecanoromycetes,Lecanorales,Parmeliaceae,Hypogymnia,subphysodes,Green,Foliose,"Mild, sub-humid"
193,Khandallah Park,,,,,,,,"Mild, sub-humid"
194,Khandallah Park,,,,,,,,"Mild, sub-humid"
195,Khandallah Park,Lecanoromycetes,Lecanorales,Cladoniaceae,Cladonia,confusa,Green,Fruticose,"Mild, sub-humid"
196,Khandallah Park,Lecanoromycetes,Lecanorales,Cladoniaceae,Cladonia,sp.,Green,Fruticose,"Mild, sub-humid"
197,Khandallah Park,Lecanoromycetes,Lecanorales,Cladoniaceae,Cladonia,sp.,Green,Fruticose,"Mild, sub-humid"
198,Khandallah Park,Lecanoromycetes,Peltigerales,Peltigeraceae,Peltigera,polydactylon,Cyano,Foliose,"Mild, sub-humid"
199,Khandallah Park,,,,,,,,"Mild, sub-humid"
200,Khandallah Park,,,,,,,,"Mild, sub-humid"
201,Khandallah Park,Lecanoromycetes,Peltigerales,Lobariaceae,Pseudocyphellaria,dissimilis,Cyano,Foliose,"Mild, sub-humid"
202,Johnsonville Park,,,,,,,,"Mild, sub-humid"
203,Johnsonville Park,Lecanoromycetes,Lecanorales,Stereocaulaceae,Stereocaulon,ramulosum,Tripartite,Fruticose,"Mild, sub-humid"
204,Johnsonville Park,,,,,,,,"Mild, sub-humid"
205,Johnsonville Park,,,,,,,,"Mild, sub-humid"
206,Johnsonville Park,,,,,,,,"Mild, sub-humid"
207,Johnsonville Park,,,,,,,,"Mild, sub-humid"
208,Makara Beach,Lecanoromycetes,Teloschistales,Teloschistaceae,Xanthoria,ligulata,Green,Foliose,"Mild, sub-humid"
209,Makara Beach,,,,,,,,"Mild, sub-humid"
210,Makara Beach,,,,,,,,"Mild, sub-humid"
211,Wrights Hill,,,,,,,,"Mild, sub-humid"
212,Wrights Hill,,,,,,,,"Mild, sub-humid"
213,Wrights Hill,,,,,,,,"Mild, sub-humid"
214,Wrights Hill,Lecanoromycetes,Peltigerales,Lobariaceae,Pseudocyphellaria,dissimilis,Cyano,Foliose,"Mild, sub-humid"
215,Wrights Hill,,,,,,,,"Mild, sub-humid"
216,Wrights Hill,,,,,,,,"Mild, sub-humid"
217,Broadmeadows,Lecanoromycetes,Peltigerales,Peltigeraceae,Peltigera,polydactylon,Cyano,Foliose,"Mild, sub-humid"
218,Setton,,,,,,,,"Mild, sub-humid"
219,Battle Hill,,,,,,,,"Mild, sub-humid"
220,Battle Hill,,,,,,,,"Mild, sub-humid"
221,Kaitoke,,,,,,,Crustose,"Warm, sub-humid"
222,Battle Hill,Lecanoromycetes,Peltigerales,Lobariaceae,Pseudocyphellaria,crocata,Cyano,Foliose,"Mild, sub-humid"
223,Battle Hill,Lecanoromycetes,Peltigerales,Lobariaceae,Pseudocyphellaria,crocata,Cyano,Foliose,"Mild, sub-humid"
224,Battle Hill,,,,,,,,"Mild, sub-humid"
225,Skyline Walk,Lecanoromycetes,Peltigerales,Peltigeraceae,Peltigera,polydactylon,Cyano,Foliose,"Mild, sub-humid"
226,Kaitoke,Lecanoromycetes,Peltigerales,Lobariaceae,Yarrumia,coronata,Tripartite,Foliose,"Warm, sub-humid"
227,Kaitoke,Lecanoromycetes,Peltigerales,Lobariaceae,Pseudocyphellaria,rufovirescens,Tripartite,Foliose,"Warm, sub-humid"
228,Wellington,,,,,,,,"Mild, sub-humid"
229,Wellington,,,,,,,,"Mild, sub-humid"
230,Wellington,Lecanoromycetes,Lecanorales,Stereocaulaceae,Stereocaulon,sp.,Tripartite,Fruticose,"Mild, sub-humid"
231,Wellington,,,,,,,,"Mild, sub-humid"
232,Battle Hill,Lecanoromycetes,Peltigerales,Lobariaceae,Sticta,fuliginosa,,Foliose,"Mild, sub-humid"
233,Wellington,,,,,,,,"Mild, sub-humid"
234,Wellington,Lecanoromycetes,Lecanorales,Parmeliaceae,Usnea,sp.,Green,Fruticose,"Mild, sub-humid"
235,Wellington,Lecanoromycetes,Teloschistales,Teloschistaceae,Xanthoria,parietina,Green,Foliose,"Mild, sub-humid"
236,Wellington,Lecanoromycetes,Lecanorales,Ramalinaceae,Ramalina,celastri,Green,Fruticose,"Mild, sub-humid"
237,Wellington,,,,,,,,"Mild, sub-humid"
238,Wellington,,,,,,,,"Mild, sub-humid"
239,Wellington,,,,,,,,"Mild, sub-humid"
240,Wellington,Lecanoromycetes,Lecanorales,Parmeliaceae,Usnea,sp.,Green,Fruticose,"Mild, sub-humid"
241,Wellington,,,,,,,,"Mild, sub-humid"
242,Wellington,,,,,,,,"Mild, sub-humid"
243,Wellington,,,,,,,,"Mild, sub-humid"
244,Wellington,Lecanoromycetes,Peltigerales,Lobariaceae,Pseudocyphellaria,sp.,Cyano,Foliose,"Mild, sub-humid"
245,Wellington,,,,,,,,"Mild, sub-humid"
246,Wellington,,,,,,,,"Mild, sub-humid"
247,Otari,,,,,,,,"Mild, sub-humid"
248,Otari,Lecanoromycetes,Peltigerales,Lobariaceae,Pseudocyphellaria,crocata,Cyano,Foliose,"Mild, sub-humid"
249,Otari,Lecanoromycetes,Lecanorales,Parmeliaceae,Usnea,sp.,Green,Fruticose,"Mild, sub-humid"
250,Otari,,,,,,,,"Mild, sub-humid"
251,Otari,Lecanoromycetes,Peltigerales,Peltigeraceae,Peltigera,membranacea,Cyano,Foliose,"Mild, sub-humid"
252,Otari,Lecanoromycetes,Lecanorales,Parmeliaceae,Flavoparmelia,sp.,Green,Foliose,"Mild, sub-humid"
253,Otari,Lecanoromycetes,Peltigerales,Lobariaceae,Pseudocyphellaria,crocata,Cyano,Foliose,"Mild, sub-humid"
254,Otari,,,,,,,,"Mild, sub-humid"
255,Otari,,,,,,,,"Mild, sub-humid"
256,Otari,Lecanoromycetes,Lecanorales,Cladoniaceae,Cladonia,darwinii,Green,Fruticose,"Mild, sub-humid"
257,Otari,,,,,,,,"Mild, sub-humid"
258,Otari,,,,,,,,"Mild, sub-humid"
259,Otari,,,,,,,,"Mild, sub-humid"
260,Otari,Lecanoromycetes,Peltigerales,Lobariaceae,Pseudocyphellaria,multifida,Tripartite,Foliose,"Mild, sub-humid"
261,Otari,Lecanoromycetes,Peltigerales,Lobariaceae,Sticta,martinii,Tripartite,Foliose,"Mild, sub-humid"
262,Otari,Lecanoromycetes,Peltigerales,Lobariaceae,Pseudocyphellaria,sp.,,Foliose,"Mild, sub-humid"
263,Otari,Lecanoromycetes,Lecanorales,Parmeliaceae,Usnea,sp.,Green,Fruticose,"Mild, sub-humid"
264,Otari,,,,,,,,"Mild, sub-humid"
265,Otari,Lecanoromycetes,Peltigerales,Lobariaceae,Pseudocyphellaria,dissimilis,Cyano,Foliose,"Mild, sub-humid"
266,Otari,Lecanoromycetes,Peltigerales,Lobariaceae,Lobaria,sp.,Tripartite,Foliose,"Mild, sub-humid"
267,Otari,Lecanoromycetes,Peltigerales,Lobariaceae,Pseudocyphellaria,sp.,,Foliose,"Mild, sub-humid"
268,Otari,Lecanoromycetes,Peltigerales,Lobariaceae,Sticta,sp.,,Foliose,"Mild, sub-humid"
269,Kaitoke,Lecanoromycetes,Peltigerales,Lobariaceae,Yarrumia,colensoi,Green,Foliose,"Warm, sub-humid"
270,"Knight's bush, Tuapeka West",Lecanoromycetes,Peltigerales,Lobariaceae,Pseudocyphellaria,fimbriatoides,Cyano,Foliose,"Cold, sub-humid"
271,"Knight's bush, Tuapeka West",Lecanoromycetes,Peltigerales,Lobariaceae,Pseudocyphellaria,rufovirescens,Tripartite,Foliose,"Cold, sub-humid"
272,"Knight's bush, Tuapeka West",Lecanoromycetes,Peltigerales,Peltigeraceae,Peltigera,polydactylon,Cyano,Foliose,"Cold, sub-humid"
273,"Knight's bush, Tuapeka West",,,,,,,,"Cold, sub-humid"
274,"Knight's bush, Tuapeka West",Lecanoromycetes,Peltigerales,Lobariaceae,Pseudocyphellaria,crocata,Cyano,Foliose,"Cold, sub-humid"
275,"Knight's bush, Tuapeka West",Lecanoromycetes,Peltigerales,Lobariaceae,Pseudocyphellaria,sp.,,Foliose,"Cold, sub-humid"
276,"Knight's bush, Tuapeka West",Lecanoromycetes,Peltigerales,Lobariaceae,Pseudocyphellaria,sp.,,Foliose,"Cold, sub-humid"
277,"Knight's bush, Tuapeka West",Lecanoromycetes,Peltigerales,Lobariaceae,Pseudocyphellaria,sp.,,Foliose,"Cold, sub-humid"
278,Mangarakau swamp,Lecanoromycetes,Lecanorales,Stereocaulaceae,Stereocaulon,ramulosum,Tripartite,Fruticose,"Mild, humid"
279,Mangarakau swamp,,,,,,,,"Mild, humid"
280,Mangarakau swamp,Lecanoromycetes,Lecanorales,Parmeliaceae,Parmotrema,perlatum,Green,Foliose,"Mild, humid"
281,Mangarakau swamp,Lecanoromycetes,Lecanorales,Cladoniaceae,Cladonia,confusa,Green,Fruticose,"Mild, humid"
282,Mangarakau swamp,Lecanoromycetes,Lecanorales,Cladoniaceae,Cladonia,sp.,Green,Fruticose,"Mild, humid"
283,Mangarakau swamp,Lecanoromycetes,Lecanorales,Cladoniaceae,Cladia,retipora,Green,Fruticose,"Mild, humid"
284,Mangarakau swamp,Lecanoromycetes,Lecanorales,Cladoniaceae,Cladia,aggregata,Green,Fruticose,"Mild, humid"
285,Mangarakau swamp,Lecanoromycetes,Lecanorales,Cladoniaceae,Cladonia,floerkeana,Green,Fruticose,"Mild, humid"
286,Mangarakau swamp,,,,,,,,"Mild, humid"
287,Mangarakau swamp,Lecanoromycetes,Peltigerales,Lobariaceae,Sticta,martinii,Tripartite,Foliose,"Mild, humid"
288,Mangarakau swamp,Lecanoromycetes,Lecanorales,Collemataceae,Leptogium,cyanescens,Cyano,Foliose,"Mild, humid"
289,Mangarakau swamp,Lecanoromycetes,Peltigerales,Lobariaceae,Pseudocyphellaria,lividofusca,Tripartite,Foliose,"Mild, humid"
290,Mangarakau swamp,Lecanoromycetes,Peltigerales,Lobariaceae,Pseudocyphellaria,multifida,Tripartite,Foliose,"Mild, humid"
291,Mangarakau swamp,Lecanoromycetes,Peltigerales,Lobariaceae,Podostictina,pickeringii,Green,Foliose,"Mild, humid"
292,Mangarakau swamp,Lecanoromycetes,Lecanorales,Stereocaulaceae,Stereocaulon,corticatulum,Tripartite,Fruticose,"Mild, humid"
293,Mangarakau swamp,Lecanoromycetes,Lecanorales,Parmeliaceae,Parmotrema,perlatum,Green,Foliose,"Mild, humid"
294,Mangarakau knuckle hill,Lecanoromycetes,Peltigerales,Lobariaceae,Pseudocyphellaria,sp.,,Foliose,"Mild, humid"
295,Mangarakau knuckle hill,Lecanoromycetes,Lecanorales,Collemataceae,Leptogium,denticulatum,Cyano,Foliose,"Mild, humid"
296,Mangarakau knuckle hill,,,,,,,,"Mild, humid"
297,Mangarakau knuckle hill,Lecanoromycetes,Peltigerales,Peltigeraceae,Peltigera,polydactylon,Cyano,Foliose,"Mild, humid"
298,Mangarakau knuckle hill,Lecanoromycetes,Peltigerales,Peltigeraceae,Peltigera,sp.,Cyano,Foliose,"Mild, humid"
299,Mangarakau knuckle hill,,,,,,,,"Mild, humid"
300,Mangarakau knuckle hill,Lecanoromycetes,Lecanorales,Cladoniaceae,Cladia,aggregata agg.,Green,Fruticose,"Mild, humid"
301,Mangarakau knuckle hill,Lecanoromycetes,Peltigerales,Lobariaceae,Pseudocyphellaria,glabra,Tripartite,Foliose,"Mild, humid"
302,Mangarakau knuckle hill,Lecanoromycetes,Peltigerales,Lobariaceae,Pseudocyphellaria,sp.,,Foliose,"Mild, humid"
303,Mangarakau knuckle hill,,,,,,,,"Mild, humid"
304,Mangarakau knuckle hill,Lecanoromycetes,Lecanorales,Collemataceae,Collema,laeve,Cyano,Foliose,"Mild, humid"
305,Mangarakau knuckle hill,Lecanoromycetes,Peltigerales,Lobariaceae,Pseudocyphellaria,lividofusca,Tripartite,Foliose,"Mild, humid"
306,Mangarakau knuckle hill,Lecanoromycetes,Lecanorales,Collemataceae,Collema,glaucophthalmum,Cyano,Foliose,"Mild, humid"
307,Mangarakau knuckle hill,,,,,,,,"Mild, humid"
308,Mangarakau knuckle hill,,,,,,,,"Mild, humid"
309,Mangarakau knuckle hill,Lecanoromycetes,Lecanorales,Sphaerophoraceae,Bunodophoron,sp.,Green,Fruticose,"Mild, humid"
310,Mangarakau knuckle hill,,,,,,,,"Mild, humid"
311,Mangarakau knuckle hill,Lecanoromycetes,Lecanorales,Sphaerophoraceae,Bunodophoron,sp.,Green,Fruticose,"Mild, humid"
312,Mangarakau knuckle hill,,,,,,,,"Mild, humid"
313,Mangarakau knuckle hill,Lecanoromycetes,Lecanorales,Sphaerophoraceae,Bunodophoron,sp.,Green,Fruticose,"Mild, humid"
314,Mangarakau knuckle hill,Lecanoromycetes,Pertusariales,Coccotremataceae,Coccotrema,porinopsis,Tripartite,Crustose,"Mild, humid"
315,Mangarakau knuckle hill,,,,,,,,"Mild, humid"
316,Mangarakau knuckle hill,,,,,,,,"Mild, humid"
317,Mangarakau knuckle hill,Lecanoromycetes,Lecanorales,Icmadophilaceae,Siphula,decumbens,Green,Fruticose,"Mild, humid"
318,Mangarakau knuckle hill,Lecanoromycetes,Lecanorales,Icmadophilaceae,Siphula,decumbens,Green,Fruticose,"Mild, humid"
319,Mangarakau knuckle hill,Lecanoromycetes,Lecanorales,Sphaerophoraceae,Leifidium,tenerum,Green,Fruticose,"Mild, humid"
320,Mangarakau knuckle hill,Lecanoromycetes,Lecanorales,Cladoniaceae,Neophyllis,melacarpa,Green,Foliose,"Mild, humid"
321,Mangarakau knuckle hill,Lecanoromycetes,Peltigerales,Lobariaceae,Pseudocyphellaria,faveolata,Tripartite,Foliose,"Mild, humid"
322,Mangarakau Patarau River Walk,Lecanoromycetes,Lecanorales,Parmeliaceae,Flavoparmelia,haysomii,Green,Foliose,"Mild, humid"
323,Mangarakau Patarau River Walk,Lecanoromycetes,Lecanorales,Parmeliaceae,Parmotrema,sp.,Green,Foliose,"Mild, humid"
324,Mangarakau Patarau River Walk,Lecanoromycetes,Peltigerales,Lobariaceae,Pseudocyphellaria,multifida,Tripartite,Foliose,"Mild, humid"
325,Mangarakau Patarau River Walk,Lecanoromycetes,Peltigerales,Lobariaceae,Pseudocyphellaria,lividofusca,Tripartite,Foliose,"Mild, humid"
326,Mangarakau Patarau River Walk,Lecanoromycetes,Peltigerales,Lobariaceae,Sticta,cinereoglauca,Tripartite,Foliose,"Mild, humid"
327,Mangarakau Patarau River Walk,Lecanoromycetes,Lecanorales,Pannariaceae,Pannaria/Psoroma,sp.,Tripartite,Foliose,"Mild, humid"
328,Mangarakau Patarau River Walk,Lecanoromycetes,Lecanorales,Physciaceae,Physcia,poncinsii,Green,Foliose,"Mild, humid"
329,Mangarakau Patarau River Walk,Lecanoromycetes,Lecanorales,Collemataceae,Collema/Leptogium,sp.,Cyano,Foliose,"Mild, humid"
330,Mangarakau Patarau River Walk,Lecanoromycetes,Lecanorales,Parmeliaceae,Parmotrema,cristiferum,Green,Foliose,"Mild, humid"
331,Mangarakau Patarau River Walk,Lecanoromycetes,Lecanorales,Parmeliaceae,Usnea,sp.,Green,Fruticose,"Mild, humid"
332,Mangarakau Patarau River Walk,Lecanoromycetes,Lecanorales,Cladoniaceae,Cladonia,sp.,Green,Fruticose,"Mild, humid"
333,Mangarakau Patarau River Walk,Lecanoromycetes,Peltigerales,Lobariaceae,Pseudocyphellaria,rufovirescens,Tripartite,Foliose,"Mild, humid"
334,Mangarakau Patarau River Walk,Lecanoromycetes,Peltigerales,Lobariaceae,Pseudocyphellaria,multifida,Tripartite,Foliose,"Mild, humid"
335,Mangarakau Patarau River Walk,Lecanoromycetes,Peltigerales,Lobariaceae,Pseudocyphellaria,episticta,Tripartite,Foliose,"Mild, humid"
336,Mangarakau Patarau River Walk,Lecanoromycetes,Peltigerales,Lobariaceae,Pseudocyphellaria,dissimilis,Cyano,Foliose,"Mild, humid"
337,Mangarakau Patarau River Walk,,,,,,,,"Mild, humid"
338,Mangarakau Patarau River Walk,,,,,,,,"Mild, humid"
339,Mangarakau Patarau River Walk,Lecanoromycetes,Lecanorales,Collemataceae,Collema/Leptogium,sp.,Cyano,Foliose,"Mild, humid"
340,Mangarakau Patarau River Walk,Lecanoromycetes,Peltigerales,Lobariaceae,Sticta,latifrons,Tripartite,Foliose,"Mild, humid"
341,Mangarakau Patarau River Walk,Lecanoromycetes,Peltigerales,Lobariaceae,Pseudocyphellaria,multifida,Tripartite,Foliose,"Mild, humid"
342,Mangarakau walk to limestone bluffs behind The Outpost,Lecanoromycetes,Lecanorales,Collemataceae,Collema/Leptogium,sp.,Cyano,Foliose,"Mild, humid"
343,Mangarakau walk to limestone bluffs behind The Outpost,Lecanoromycetes,Lecanorales,Collemataceae,Collema/Leptogium,sp.,Cyano,Foliose,"Mild, humid"
344,Mangarakau walk to limestone bluffs behind The Outpost,Lecanoromycetes,Peltigerales,Lobariaceae,Pseudocyphellaria,glabra,Tripartite,Foliose,"Mild, humid"
345,Mangarakau walk to limestone bluffs behind The Outpost,Lecanoromycetes,Peltigerales,Lobariaceae,Pseudocyphellaria,billardierei,Tripartite,Foliose,"Mild, humid"
346,Mangarakau walk to limestone bluffs behind The Outpost,,,,,,,,"Mild, humid"
347,Mangarakau walk to limestone bluffs behind The Outpost,Lecanoromycetes,Lecanorales,Collemataceae,Collema,sp.,Cyano,Foliose,"Mild, humid"
348,Mangarakau walk to limestone bluffs behind The Outpost,Lecanoromycetes,Peltigerales,Lobariaceae,Pseudocyphellaria,cinnomomea,,Foliose,"Mild, humid"
349,Mangarakau walk to limestone bluffs behind The Outpost,,,,,,,,"Mild, humid"
350,Mangarakau walk to limestone bluffs behind The Outpost,Lecanoromycetes,Lecanorales,Collemataceae,Collema/Leptogium,sp.,Cyano,Foliose,"Mild, humid"
351,Mangarakau walk to limestone bluffs behind The Outpost,,,,,,,,"Mild, humid"
352,Mangarakau walk to limestone bluffs behind The Outpost,Lecanoromycetes,Lecanorales,Collemataceae,Collema/Leptogium,sp.,Cyano,Foliose,"Mild, humid"
353,Mangarakau walk to limestone bluffs behind The Outpost,Lecanoromycetes,Lecanorales,Collemataceae,Leptogium,coralloideum,Cyano,Foliose,"Mild, humid"
354,Mangarakau walk to limestone bluffs behind The Outpost,Lecanoromycetes,Peltigerales,Peltigeraceae,Peltigera,sp.,Cyano,Foliose,"Mild, humid"
355,Mangarakau walk to limestone bluffs behind The Outpost,Lecanoromycetes,Lecanorales,Parmeliaceae,Parmotrema,perlatum,Green,Foliose,"Mild, humid"
356,Mangarakau Lake Otuhie,,,,,,,,"Mild, humid"
357,Mangarakau Lake Otuhie,Lecanoromycetes,Lecanorales,Parmeliaceae,Parmotrema,perlatum,Green,Foliose,"Mild, humid"
358,Mangarakau Lake Otuhie,Lecanoromycetes,Lecanorales,Parmeliaceae,Usnea,sp.,Green,Fruticose,"Mild, humid"
359,Mangarakau Lake Otuhie,,,,,,,,"Mild, humid"
360,Mangarakau Lake Otuhie,Lecanoromycetes,Peltigerales,Peltigeraceae,Peltigera,neckeri,Cyano,Foliose,"Mild, humid"
361,Mangarakau Lake Otuhie,Lecanoromycetes,Lecanorales,Parmeliaceae,Parmotrema,perlatum,Green,Foliose,"Mild, humid"
362,Mangarakau Lake Otuhie,Lecanoromycetes,Lecanorales,Parmeliaceae,Parmotrema,reticulatum,Green,Foliose,"Mild, humid"
363,Mangarakau Lake Otuhie,,,,,,,,"Mild, humid"
364,Mangarakau Lake Otuhie,,,,,,,,"Mild, humid"
365,Mangarakau Lake Otuhie,Lecanoromycetes,Lecanorales,Collemataceae,Collema/Leptogium,sp.,Cyano,Foliose,"Mild, humid"
366,Mangarakau Lake Otuhie,Lecanoromycetes,Lecanorales,Collemataceae,Collema/Leptogium,sp.,Cyano,Foliose,"Mild, humid"
367,Wharariki Beach,,,,,,,,"Mild, humid"
368,Wharariki Beach,,,,,,,,"Mild, humid"
369,Wharariki Beach,,,,,,,,"Mild, humid"
370,Wharariki Beach,Lecanoromycetes,Peltigerales,Peltigeraceae,Peltigera,polydactylon,Cyano,Foliose,"Mild, humid"
371,Wharariki Beach,Lecanoromycetes,Peltigerales,Lobariaceae,Lobaria,sp.,Tripartite,Foliose,"Mild, humid"
372,Wharariki Beach,,,,,,,,"Mild, humid"
373,Wharariki Beach,Lecanoromycetes,Peltigerales,Lobariaceae,Pseudocyphellaria,coriacea,Tripartite,Foliose,"Mild, humid"
374,Wharariki Beach,,,,,,,,"Mild, humid"
375,Wharariki Beach,Lecanoromycetes,Lecanorales,Stereocaulaceae,Stereocaulon,ramulosum,Tripartite,Fruticose,"Mild, humid"
376,Wharariki Beach,,,,,,,,"Mild, humid"
377,Wharariki Beach,,,,,,,,"Mild, humid"
378,Wharariki Beach,,,,,,,,"Mild, humid"
379,Wharariki Beach,,,,,,,,"Mild, humid"
380,Wharariki Beach,Lecanoromycetes,Trichotheliales,Trichotheliaceae,Porina,exocha,Green,Crustose,"Mild, humid"
381,Wharariki Beach,Lecanoromycetes,Lecanorales,Parmeliaceae,Parmotrema,austrocetratum,Green,Foliose,"Mild, humid"
382,Pakawau inlet bridge,Lecanoromycetes,Teloschistales,Teloschistaceae,Xanthoria,ligulata,Green,Foliose,"Mild, humid"
383,Owen River Valley,Lecanoromycetes,Lecanorales,Parmeliaceae,Usnea,rubicunda,Green,Fruticose,"Mild, sub-humid"
384,Haast Beach,Lecanoromycetes,Lecanorales,Parmeliaceae,Usnea,sp.,Green,Fruticose,"Mild, humid"
385,"Knight's bush, Tuapeka West",Lecanoromycetes,Peltigerales,Lobariaceae,Pseudocyphellaria,sp.,Cyano,Foliose,"Cold, sub-humid"
386,"Knight's bush, Tuapeka West",Lecanoromycetes,Lecanorales,Stereocaulaceae,Stereocaulon,ramulosum,Tripartite,Fruticose,"Cold, sub-humid"
387,Haast Rd,Lecanoromycetes,Peltigerales,Lobariaceae,Sticta,subcaperata,Tripartite,Foliose,"Mild, humid"
388,Turnbull Rd,Lecanoromycetes,Peltigerales,Lobariaceae,Pseudocyphellaria,faveolata,Tripartite,Foliose,"Mild, humid"
389,Haast Rd,Lecanoromycetes,Peltigerales,Lobariaceae,Pseudocyphellaria,glabra,Tripartite,Foliose,"Mild, humid"
390,Lake Lanthe,Lecanoromycetes,Peltigerales,Lobariaceae,Podostictina,pickeringii,Green,Foliose,"Mild, humid"
391,Kapiti coast,Lecanoromycetes,Peltigerales,Lobariaceae,Yarrumia,coronata,Tripartite,Foliose,"Mild, sub-humid"
392,Whareka-Te Kau walk,Lecanoromycetes,Peltigerales,Lobariaceae,Sticta,latifrons,Tripartite,Foliose,"Mild, humid"
393,Haast Beach,Lecanoromycetes,Lecanorales,Parmeliaceae,Parmotrema,reticulatum,Green,Foliose,"Mild, humid"
394,Haast Beach,Lecanoromycetes,Lecanorales,Collemataceae,Collema/Leptogium,sp.,Cyano,Foliose,"Mild, humid"
395,Haast Rd,Lecanoromycetes,Peltigerales,Lobariaceae,Yarrumia,colensoi,Tripartite,Foliose,"Mild, humid"
396,Haast Rd,Lecanoromycetes,Peltigerales,Lobariaceae,Yarrumia,colensoi,,Foliose,"Mild, humid"
397,Haast beach,Lecanoromycetes,Peltigerales,Lobariaceae,Yarrumia,coronata,Tripartite,Foliose,"Mild, humid"
398,West coast Knight's Pt,Lecanoromycetes,Peltigerales,Lobariaceae,Sticta,fuliginosa,Cyano,Foliose,"Mild, humid"
399,West coast Knight's Pt,Lecanoromycetes,Lecanorales,Parmeliaceae,Parmotrema,reticulatum,Green,Foliose,"Mild, humid"
400,Haast Beach,Lecanoromycetes,Peltigerales,Lobariaceae,Pseudocyphellaria,lividofusca,Tripartite,Foliose,"Mild, humid"
401,Turnbull Rd,Lecanoromycetes,Peltigerales,Lobariaceae,Pseudocyphellaria,faveolata,Tripartite,Foliose,"Mild, humid"
402,"Nichols Creek, Dunedin",Lecanoromycetes,Peltigerales,Lobariaceae,Pseudocyphellaria,rufovirescens,Tripartite,Foliose,"Cool, semi-arid"
403,"Nichols Creek, Dunedin",Lecanoromycetes,Peltigerales,Lobariaceae,Pseudocyphellaria,multifida,Tripartite,Foliose,"Cool, semi-arid"
404,"Knight's bush, Tuapeka West",Lecanoromycetes,Peltigerales,Lobariaceae,Yarrumia,colensoi,Tripartite,Foliose,"Cold, sub-humid"
405,Rock and Pillar range,Lecanoromycetes,Peltigerales,Lobariaceae,Podostictina,degelii,Green,Foliose,"Low alpine, semi-arid"
406,"Nichols Creek, Dunedin",Lecanoromycetes,Peltigerales,Lobariaceae,Sticta,subcaperata,Tripartite,Foliose,"Cool, semi-arid"
407,"Knight's bush, Tuapeka West",Lecanoromycetes,Peltigerales,Lobariaceae,Pseudocyphellaria,granulata,Tripartite,Foliose,"Cold, sub-humid"
408,"Knight's bush, Tuapeka West",Lecanoromycetes,Peltigerales,Lobariaceae,Pseudocyphellaria,crocata agg.,,Foliose,"Cold, sub-humid"
409,"Knight's bush, Tuapeka West",Lecanoromycetes,Peltigerales,Lobariaceae,Crocodia,rubella,Tripartite,Foliose,"Cold, sub-humid"
410,"Knight's bush, Tuapeka West",Lecanoromycetes,Peltigerales,Lobariaceae,Podostictina,pickeringii,Green,Foliose,"Cold, sub-humid"
411,Rock and Pillar range,Lecanoromycetes,Peltigerales,Lobariaceae,Pseudocyphellaria,maculata,Cyano,Foliose,"Low alpine, semi-arid"
412,"Knight's bush, Tuapeka West",Lecanoromycetes,Lecanorales,Parmeliaceae,Parmotrema,perlatum,Green,Foliose,"Cold, sub-humid"
413,"Knight's bush, Tuapeka West",Lecanoromycetes,Lecanorales,Collemataceae,Collema,sp.,Cyano,Foliose,"Cold, sub-humid"
414,"Knight's bush, Tuapeka West",Lecanoromycetes,Lecanorales,Collemataceae,Collema,laeve,Cyano,Foliose,"Cold, sub-humid"
415,"Knight's bush, Tuapeka West",Lecanoromycetes,Lecanorales,Collemataceae,Collema/Leptogium,sp.,Cyano,Foliose,"Cold, sub-humid"
416,Otari,Lecanoromycetes,Peltigerales,Lobariaceae,Pseudocyphellaria,sp.,,Foliose,"Mild, sub-humid"
417,Otari,Lecanoromycetes,Peltigerales,Lobariaceae,Lobaria,asperula,Tripartite,Foliose,"Mild, sub-humid"
418,Orissa Crescent,Lecanoromycetes,Teloschistales,Teloschistaceae,Teloschistes,chrysophthalmus,Green,Fruticose,"Mild, sub-humid"
419,Maruia Falls,Lecanoromycetes,Lecanorales,Cladoniaceae,Cladonia,darwinii,Green,Fruticose,"Mild, humid"
420,"Kiwi burn, Southland",Lecanoromycetes,Peltigerales,Lobariaceae,Pseudocyphellaria,crocata agg.,Cyano,Foliose,"Cool, sub-humid"
421,Lewis Pass,Lecanoromycetes,Lecanorales,Parmeliaceae,Menegazzia,sp.,Green,Foliose,"Cool, humid"
422,Maruia Falls,Lecanoromycetes,Peltigerales,Peltigeraceae,Peltigera,membranacea,Cyano,Foliose,"Mild, humid"
423,Lewis Pass,Lecanoromycetes,Lecanorales,Pannariaceae,Pannaria,sphinctrina,Tripartite,Foliose,"Cool, humid"
424,Rock and Pillar range,Lecanoromycetes,Lecanorales,Parmeliaceae ,Cetraria,islandica ssp. Antarctica,Green,Fruticose,"Low alpine, semi-arid"
425,"Embo St, Dunedin",Lecanoromycetes,Teloschistales,Teloschistaceae,Xanthoria,parietina,Green,Foliose,"Cool, sub-humid"
426,"Embo St, Dunedin",Lecanoromycetes,Lecanorales,Parmeliaceae,Xanthoparmelia,verisidiosa,Green,Foliose,"Cool, sub-humid"
427,Lewis Pass,Lecanoromycetes,Lecanorales,Sphaerophoraceae,Bunodophoron,ramuliferum,Green,Fruticose,"Cool, humid"
428,Murchison Riverside Holiday Park,Lecanoromycetes,Lecanorales,Parmeliaceae,Xanthoparmelia,neotinctina,Green,Foliose,"Mild, humid"
429,"Embo St, Dunedin",Lecanoromycetes,Lecanorales,Parmeliaceae,Xanthoparmelia,scabrosa,Green,Foliose,"Cool, sub-humid"
430,"Embo St, Dunedin",Lecanoromycetes,Teloschistales,Teloschistaceae,Teloschistes,chrysophthalmus,Green,Fruticose,"Cool, sub-humid"
431,Murchison Riverside Holiday Park,Lecanoromycetes,Lecanorales,Parmeliaceae,Xanthoparmelia,scabrosa,Green,Foliose,"Mild, humid"
432,"Embo St, Dunedin",Lecanoromycetes,Lecanorales,Parmeliaceae,Xanthoparmelia,verisidiosa,Green,Foliose,"Cool, sub-humid"
433,Swampy Spur,Lecanoromycetes,Peltigerales,Lobariaceae,Pseudocyphellaria,glabra,Tripartite,Foliose,"Cold, semi-arid"
434,"Hazel Ave, Dunedin",Lecanoromycetes,Teloschistales,Teloschistaceae,Xanthoria,parietina,Green,Foliose,"Cool, sub-humid"
435,Lewis Pass,Lecanoromycetes,Lecanorales,Sphaerophoraceae,Sphaerophorus,stereocauloides,Green,Fruticose,"Cool, humid"
436,"Kiwi burn, Southland",Lecanoromycetes,Peltigerales,Lobariaceae,Crocodia,rubella,Tripartite,Foliose,"Cool, sub-humid"
437,"Embo St, Dunedin",Lecanoromycetes,Lecanorales,Parmeliaceae,Xanthoparmelia,scabrosa,Green,Foliose,"Cool, sub-humid"
438,Herbert Forest,Lecanoromycetes,Peltigerales,Lobariaceae,Sticta,felix,,Foliose,"Mild, sub-humid"
439,"Knight's bush, Tuapeka West",Lecanoromycetes,Peltigerales,Lobariaceae,Pseudocyphellaria,dissimilis,Cyano,Foliose,"Cold, sub-humid"
440,"Knight's bush, Tuapeka West",Lecanoromycetes,Lecanorales,Parmeliaceae,Notoparmelia,subtestacea,Green,Foliose,"Cold, sub-humid"
441,"Knight's bush, Tuapeka West",Lecanoromycetes,Lecanorales,Parmeliaceae,Notoparmelia,cunninghamii,Green,Foliose,"Cold, sub-humid"
442,"Knight's bush, Tuapeka West",Lecanoromycetes,Peltigerales,Lobariaceae,Pseudocyphellaria,multifida,Tripartite,Foliose,"Cold, sub-humid"
443,"Knight's bush, Tuapeka West",Lecanoromycetes,Lecanorales,Pannariaceae,Pannaria,leproloma,Tripartite,Foliose,"Cold, sub-humid"
444,Warrington beach,Lecanoromycetes,Teloschistales,Teloschistaceae,Teloschistes,chrysophthalmus,Green,Fruticose,"Cold, semi-arid"
445,"Knight's bush, Tuapeka West",Lecanoromycetes,Peltigerales,Lobariaceae,Sticta,martinii,Tripartite,Foliose,"Cold, sub-humid"
446,Warrington beach,Lecanoromycetes,Lecanorales,Ramalinaceae,Ramalina,inflexa,Green,Fruticose,"Cold, semi-arid"
447,"Knight's bush, Tuapeka West",Lecanoromycetes,Lecanorales,Parmeliaceae,Menegazzia,neozelandica,Green,Foliose,"Cold, sub-humid"
448,"Knight's bush, Tuapeka West",Lecanoromycetes,Lecanorales,Parmeliaceae,Punctelia,subflava,Green,Foliose,"Cold, sub-humid"
449,"Knight's bush, Tuapeka West",Lecanoromycetes,Lecanorales,Pannariaceae,Pannaria,leproloma,Tripartite,Foliose,"Cold, sub-humid"
450,"Knight's bush, Tuapeka West",Lecanoromycetes,Peltigerales,Lobariaceae,Sticta,latifrons,Tripartite,Foliose,"Cold, sub-humid"
451,"Knight's bush, Tuapeka West",Lecanoromycetes,Gyalectales,Gyalectaceae,Coenogonium,implexum,Green,Crustose,"Cold, sub-humid"
452,"Knight's bush, Tuapeka West",Lecanoromycetes,Lecanorales,Parmeliaceae,Parmotrema,perlatum,Green,Foliose,"Cold, sub-humid"
453,"Knight's bush, Tuapeka West",Lecanoromycetes,Lecanorales,Parmeliaceae,Menegazzia,sp.,Green,Foliose,"Cold, sub-humid"
454,"Knight's bush, Tuapeka West",Lecanoromycetes,Peltigerales,Nephromataceae,Nephroma,australe,Tripartite,Foliose,"Cold, sub-humid"
455,"Kiwi burn, Southland",Lecanoromycetes,Peltigerales,Nephromataceae,Nephroma,plumbeum,Cyano,Foliose,"Cool, sub-humid"
456,"Knight's bush, Tuapeka West",Lecanoromycetes,Peltigerales,Lobariaceae,Pseudocyphellaria,faveolata,Tripartite,Foliose,"Cold, sub-humid"
457,"Knight's bush, Tuapeka West",Lecanoromycetes,Peltigerales,Lobariaceae,Sticta,lacera,Tripartite,Foliose,"Cold, sub-humid"
458,"Knight's bush, Tuapeka West",Lecanoromycetes,Gyalectales,Gyalectaceae,Coenogonium,implexum,Green,Crustose,"Cold, sub-humid"
459,Herbert Forest,Lecanoromycetes,Lecanorales,Parmeliaceae,Usnea,sp.,Green,Fruticose,"Mild, sub-humid"
460,Herbert Forest,Lecanoromycetes,Lecanorales,Ramalinaceae,Ramalina,celastri,Green,Fruticose,"Mild, sub-humid"
461,Herbert Forest,Lecanoromycetes,Lecanorales,Parmeliaceae,Usnea,sp.,Green,Fruticose,"Mild, sub-humid"
462,Wainuiomata water reserve,Lecanoromycetes,Lecanorales,Stereocaulaceae,Stereocaulon,ramulosum,Tripartite,Fruticose,"Mild, sub-humid"
463,Wainuiomata water reserve,Lecanoromycetes,Peltigerales,Peltigeraceae,Peltigera,sp.,Cyano,Foliose,"Mild, sub-humid"
464,Wainuiomata water reserve,Lecanoromycetes,Peltigerales,Peltigeraceae,Peltigera,polydactylon,Cyano,Foliose,"Mild, sub-humid"
465,Wainuiomata water reserve,Lecanoromycetes,Lecanorales,Stereocaulaceae,Stereocaulon,ramulosum,Tripartite,Fruticose,"Mild, sub-humid"
466,Wainuiomata water reserve,Lecanoromycetes,Lecanorales,Stereocaulaceae,Stereocaulon,ramulosum,Tripartite,Fruticose,"Mild, sub-humid"
467,Wainuiomata water reserve,Lecanoromycetes,Peltigerales,Peltigeraceae,Peltigera,polydactylon,Cyano,Foliose,"Mild, sub-humid"
468,Wainuiomata water reserve,Lecanoromycetes,Lecanorales,Stereocaulaceae,Stereocaulon,ramulosum,Tripartite,Fruticose,"Mild, sub-humid"
469,Wainuiomata water reserve,Lecanoromycetes,Peltigerales,Peltigeraceae,Peltigera,polydactylon,Cyano,Foliose,"Mild, sub-humid"
470,Wainuiomata water reserve,Lecanoromycetes,Lecanorales,Stereocaulaceae,Stereocaulon,ramulosum,Tripartite,Fruticose,"Mild, sub-humid"
471,Wainuiomata water reserve,Lecanoromycetes,Peltigerales,Peltigeraceae,Peltigera,polydactylon,Cyano,Foliose,"Mild, sub-humid"
472,Wainuiomata water reserve,Lecanoromycetes,Lecanorales,Stereocaulaceae,Stereocaulon,ramulosum,Tripartite,Fruticose,"Mild, sub-humid"
473,Wainuiomata water reserve,Lecanoromycetes,Peltigerales,Peltigeraceae,Peltigera,polydactylon,Cyano,Foliose,"Mild, sub-humid"
474,Wainuiomata water reserve,Lecanoromycetes,Peltigerales,Lobariaceae,Pseudocyphellaria,dissimilis,Cyano,Foliose,"Mild, sub-humid"
475,Wainuiomata water reserve,Lecanoromycetes,Peltigerales,Lobariaceae,Pseudocyphellaria,dissimilis,Cyano,Foliose,"Mild, sub-humid"
476,Wainuiomata water reserve,Lecanoromycetes,Peltigerales,Lobariaceae,Pseudocyphellaria,dissimilis,Cyano,Foliose,"Mild, sub-humid"
